user_id,item_id,event,ts
U015,P0017,cart,2024-01-01 01:24:00
U001,P0010,cart,2024-01-01 03:49:00
U011,P0064,view,2024-01-01 09:28:00
U015,P0002,view,2024-01-01 10:58:00
U015,P0020,view,2024-01-01 13:05:00
U022,P0038,view,2024-01-01 17:23:00
U006,P0010,view,2024-01-01 19:22:00
U025,P0072,view,2024-01-01 19:56:00
U017,P0025,view,2024-01-01 20:46:00
U014,P0002,purchase,2024-01-01 21:24:00
U010,P0035,view,2024-01-02 00:33:00
U019,P0097,purchase,2024-01-02 03:42:00
U017,P0085,cart,2024-01-02 09:26:00
U017,P0087,view,2024-01-02 10:48:00
U027,P0062,view,2024-01-02 15:29:00
U003,P0031,view,2024-01-02 17:26:00
U026,P0011,view,2024-01-02 19:35:00
U028,P0052,view,2024-01-02 21:00:00
U017,P0043,view,2024-01-02 21:05:00
U015,P0018,view,2024-01-02 22:39:00
U028,P0058,cart,2024-01-02 23:07:00
U004,P0081,view,2024-01-03 01:50:00
U014,P0099,cart,2024-01-03 02:12:00
U018,P0052,cart,2024-01-03 03:25:00
U020,P0085,view,2024-01-03 06:33:00
U009,P0080,cart,2024-01-03 07:13:00
U006,P0001,purchase,2024-01-03 08:13:00
U030,P0067,purchase,2024-01-03 09:26:00
U024,P0047,cart,2024-01-03 09:55:00
U005,P0019,view,2024-01-03 10:10:00
U016,P0035,cart,2024-01-03 10:52:00
U006,P0024,view,2024-01-03 11:50:00
U024,P0089,cart,2024-01-03 12:37:00
U005,P0088,view,2024-01-03 14:58:00
U020,P0025,cart,2024-01-03 16:40:00
U010,P0069,purchase,2024-01-03 16:52:00
U001,P0075,purchase,2024-01-03 18:24:00
U017,P0009,view,2024-01-03 18:32:00
U016,P0082,view,2024-01-03 21:00:00
U001,P0094,view,2024-01-04 03:56:00
U026,P0067,view,2024-01-04 05:12:00
U018,P0002,view,2024-01-04 12:09:00
U015,P0040,cart,2024-01-04 13:41:00
U011,P0073,view,2024-01-04 15:06:00
U029,P0069,view,2024-01-04 15:32:00
U017,P0090,view,2024-01-04 21:56:00
U019,P0050,cart,2024-01-05 02:04:00
U008,P0073,view,2024-01-05 04:45:00
U009,P0088,cart,2024-01-05 05:26:00
U023,P0017,view,2024-01-05 06:06:00
U022,P0069,view,2024-01-05 06:29:00
U004,P0048,view,2024-01-05 09:31:00
U011,P0089,view,2024-01-05 11:44:00
U009,P0023,purchase,2024-01-05 12:50:00
U017,P0024,cart,2024-01-05 12:56:00
U023,P0097,view,2024-01-05 14:22:00
U025,P0074,view,2024-01-05 16:06:00
U013,P0023,purchase,2024-01-05 17:51:00
U027,P0064,view,2024-01-05 18:30:00
U016,P0067,view,2024-01-05 18:45:00
U029,P0012,view,2024-01-05 19:11:00
U007,P0055,view,2024-01-05 20:12:00
U006,P0068,cart,2024-01-05 21:21:00
U025,P0063,view,2024-01-05 21:36:00
U027,P0038,view,2024-01-05 22:59:00
U019,P0056,view,2024-01-06 00:36:00
U017,P0008,view,2024-01-06 00:54:00
U029,P0001,view,2024-01-06 01:30:00
U002,P0095,view,2024-01-06 01:35:00
U029,P0004,view,2024-01-06 12:07:00
U009,P0034,view,2024-01-06 13:22:00
U003,P0049,view,2024-01-06 13:47:00
U021,P0055,view,2024-01-06 15:23:00
U023,P0036,view,2024-01-06 18:50:00
U025,P0032,view,2024-01-06 19:47:00
U018,P0041,purchase,2024-01-07 00:47:00
U012,P0062,cart,2024-01-07 01:06:00
U026,P0031,purchase,2024-01-07 03:24:00
U017,P0019,view,2024-01-07 03:52:00
U016,P0019,view,2024-01-07 05:54:00
U024,P0011,view,2024-01-07 07:39:00
U012,P0094,view,2024-01-07 11:00:00
U001,P0002,cart,2024-01-07 11:14:00
U018,P0019,cart,2024-01-07 12:24:00
U025,P0030,view,2024-01-07 13:19:00
U024,P0085,view,2024-01-07 14:41:00
U019,P0083,cart,2024-01-07 17:29:00
U008,P0075,view,2024-01-07 18:30:00
U017,P0090,view,2024-01-07 19:03:00
U004,P0096,cart,2024-01-07 19:47:00
U005,P0011,cart,2024-01-07 21:05:00
U027,P0078,view,2024-01-07 21:18:00
U014,P0046,view,2024-01-07 21:19:00
U024,P0085,view,2024-01-07 21:46:00
U017,P0082,cart,2024-01-07 22:07:00
U025,P0039,view,2024-01-07 22:33:00
U005,P0046,purchase,2024-01-08 00:13:00
U017,P0012,view,2024-01-08 00:28:00
U014,P0097,view,2024-01-08 02:17:00
U007,P0029,view,2024-01-08 03:33:00
U009,P0089,cart,2024-01-08 04:32:00
U016,P0097,cart,2024-01-08 07:02:00
U014,P0055,cart,2024-01-08 07:36:00
U012,P0089,cart,2024-01-08 08:55:00
U024,P0049,view,2024-01-08 10:22:00
U009,P0067,view,2024-01-08 17:29:00
U023,P0087,cart,2024-01-08 19:17:00
U030,P0083,view,2024-01-08 19:41:00
U010,P0025,view,2024-01-08 20:00:00
U024,P0053,view,2024-01-08 20:16:00
U008,P0080,purchase,2024-01-08 22:08:00
U030,P0062,view,2024-01-09 00:55:00
U017,P0038,view,2024-01-09 01:19:00
U021,P0013,view,2024-01-09 02:35:00
U005,P0088,purchase,2024-01-09 02:53:00
U006,P0071,view,2024-01-09 03:53:00
U025,P0033,cart,2024-01-09 05:59:00
U030,P0089,cart,2024-01-09 06:57:00
U019,P0005,view,2024-01-09 08:06:00
U026,P0065,view,2024-01-09 09:19:00
U001,P0010,cart,2024-01-09 13:26:00
U013,P0003,purchase,2024-01-09 14:55:00
U009,P0070,purchase,2024-01-09 15:02:00
U022,P0066,view,2024-01-09 15:35:00
U028,P0034,view,2024-01-09 15:59:00
U028,P0068,view,2024-01-09 17:14:00
U012,P0085,view,2024-01-09 17:25:00
U002,P0018,cart,2024-01-10 01:10:00
U015,P0029,view,2024-01-10 01:18:00
U022,P0077,view,2024-01-10 02:10:00
U028,P0057,view,2024-01-10 02:36:00
U023,P0025,cart,2024-01-10 06:33:00
U015,P0017,purchase,2024-01-10 10:10:00
U016,P0078,purchase,2024-01-10 15:56:00
U013,P0032,view,2024-01-10 16:56:00
U007,P0048,view,2024-01-10 18:08:00
U013,P0047,view,2024-01-10 18:23:00
U014,P0081,cart,2024-01-10 18:36:00
U019,P0091,view,2024-01-10 18:52:00
U027,P0049,view,2024-01-10 20:01:00
U024,P0099,view,2024-01-10 23:20:00
U019,P0100,view,2024-01-10 23:43:00
U022,P0066,view,2024-01-11 03:16:00
U011,P0069,view,2024-01-11 03:49:00
U028,P0005,view,2024-01-11 04:38:00
U002,P0097,purchase,2024-01-11 07:07:00
U019,P0012,view,2024-01-11 08:54:00
U019,P0055,view,2024-01-11 09:13:00
U006,P0026,view,2024-01-11 09:35:00
U004,P0099,view,2024-01-11 10:38:00
U007,P0039,view,2024-01-11 10:42:00
U010,P0035,cart,2024-01-11 11:25:00
U017,P0086,view,2024-01-11 15:21:00
U009,P0089,view,2024-01-11 16:28:00
U014,P0059,purchase,2024-01-11 18:06:00
U003,P0032,view,2024-01-11 19:55:00
U025,P0039,view,2024-01-12 01:06:00
U011,P0018,view,2024-01-12 05:27:00
U023,P0099,view,2024-01-12 07:10:00
U025,P0026,cart,2024-01-12 08:20:00
U002,P0016,cart,2024-01-12 08:56:00
U025,P0047,purchase,2024-01-12 09:20:00
U014,P0057,cart,2024-01-12 10:07:00
U020,P0090,view,2024-01-12 12:23:00
U008,P0040,view,2024-01-12 12:32:00
U012,P0091,cart,2024-01-12 12:32:00
U026,P0003,cart,2024-01-12 14:32:00
U012,P0058,view,2024-01-12 14:55:00
U007,P0040,view,2024-01-12 16:41:00
U018,P0056,view,2024-01-12 19:39:00
U009,P0082,view,2024-01-12 20:36:00
U026,P0060,view,2024-01-12 22:29:00
U024,P0046,cart,2024-01-12 23:24:00
U012,P0021,cart,2024-01-12 23:29:00
U005,P0081,purchase,2024-01-12 23:33:00
U015,P0039,view,2024-01-13 00:13:00
U008,P0069,view,2024-01-13 01:18:00
U016,P0078,view,2024-01-13 03:36:00
U013,P0056,view,2024-01-13 04:48:00
U002,P0100,view,2024-01-13 06:40:00
U014,P0030,purchase,2024-01-13 07:42:00
U015,P0028,view,2024-01-13 10:13:00
U021,P0014,view,2024-01-13 10:23:00
U003,P0027,cart,2024-01-13 14:10:00
U006,P0020,view,2024-01-13 16:49:00
U022,P0077,view,2024-01-13 22:10:00
U011,P0076,view,2024-01-14 00:05:00
U013,P0015,view,2024-01-14 03:20:00
U014,P0032,view,2024-01-14 04:07:00
U011,P0080,view,2024-01-14 04:19:00
U023,P0030,cart,2024-01-14 04:31:00
U022,P0075,view,2024-01-14 09:17:00
U019,P0046,purchase,2024-01-14 09:50:00
U005,P0083,view,2024-01-14 11:54:00
U018,P0025,cart,2024-01-14 13:02:00
U016,P0019,view,2024-01-14 15:04:00
U002,P0011,purchase,2024-01-14 18:01:00
U005,P0077,view,2024-01-14 18:32:00
U018,P0043,cart,2024-01-14 19:55:00
U004,P0081,purchase,2024-01-14 21:14:00
U009,P0097,cart,2024-01-15 01:51:00
U030,P0084,cart,2024-01-15 12:23:00
U008,P0048,view,2024-01-15 13:37:00
U004,P0096,view,2024-01-15 14:04:00
U021,P0033,view,2024-01-15 16:16:00
U005,P0010,view,2024-01-15 16:32:00
U012,P0064,view,2024-01-15 18:07:00
U027,P0074,cart,2024-01-15 18:38:00
U026,P0021,cart,2024-01-15 21:21:00
U013,P0035,cart,2024-01-16 00:21:00
U006,P0019,view,2024-01-16 01:15:00
U025,P0031,cart,2024-01-16 02:07:00
U028,P0077,view,2024-01-16 02:54:00
U012,P0094,view,2024-01-16 05:28:00
U009,P0082,cart,2024-01-16 05:34:00
U024,P0056,view,2024-01-16 07:47:00
U006,P0075,view,2024-01-16 09:05:00
U022,P0045,view,2024-01-16 11:55:00
U018,P0012,cart,2024-01-16 12:02:00
U001,P0016,purchase,2024-01-16 14:08:00
U020,P0021,view,2024-01-16 16:00:00
U029,P0076,view,2024-01-16 16:06:00
U019,P0002,view,2024-01-16 17:00:00
U008,P0093,view,2024-01-16 18:43:00
U016,P0065,view,2024-01-16 21:01:00
U022,P0049,cart,2024-01-16 22:15:00
U010,P0060,view,2024-01-16 23:48:00
U022,P0039,view,2024-01-17 04:33:00
U003,P0027,view,2024-01-17 09:28:00
U013,P0047,purchase,2024-01-17 12:55:00
U027,P0063,view,2024-01-17 16:06:00
U020,P0003,view,2024-01-17 18:37:00
U012,P0044,view,2024-01-17 18:54:00
U026,P0040,view,2024-01-17 19:36:00
U006,P0071,view,2024-01-17 21:44:00
U028,P0069,cart,2024-01-18 01:12:00
U006,P0043,cart,2024-01-18 01:18:00
U027,P0072,cart,2024-01-18 02:08:00
U007,P0052,view,2024-01-18 02:28:00
U001,P0098,view,2024-01-18 04:14:00
U020,P0097,view,2024-01-18 08:30:00
U023,P0085,view,2024-01-18 08:57:00
U029,P0084,view,2024-01-18 10:53:00
U010,P0027,view,2024-01-18 12:15:00
U004,P0056,cart,2024-01-18 12:29:00
U009,P0070,view,2024-01-18 16:29:00
U014,P0005,purchase,2024-01-18 18:06:00
U024,P0009,view,2024-01-18 18:34:00
U004,P0085,cart,2024-01-18 20:06:00
U011,P0053,cart,2024-01-18 20:19:00
U013,P0020,view,2024-01-18 20:43:00
U019,P0018,cart,2024-01-18 21:46:00
U030,P0090,view,2024-01-18 22:25:00
U006,P0061,cart,2024-01-18 22:30:00
U011,P0065,cart,2024-01-18 22:46:00
U022,P0023,view,2024-01-19 01:17:00
U015,P0038,cart,2024-01-19 03:54:00
U024,P0019,cart,2024-01-19 04:21:00
U008,P0072,purchase,2024-01-19 06:38:00
U008,P0066,cart,2024-01-19 09:02:00
U030,P0099,cart,2024-01-19 11:18:00
U011,P0006,view,2024-01-19 11:19:00
U024,P0092,view,2024-01-19 14:02:00
U030,P0078,view,2024-01-19 15:09:00
U007,P0031,purchase,2024-01-19 19:43:00
U014,P0004,purchase,2024-01-19 22:17:00
U025,P0028,view,2024-01-19 23:01:00
U030,P0090,purchase,2024-01-20 00:47:00
U003,P0053,cart,2024-01-20 02:30:00
U017,P0074,cart,2024-01-20 02:49:00
U026,P0031,purchase,2024-01-20 06:21:00
U013,P0035,view,2024-01-20 08:05:00
U013,P0047,view,2024-01-20 13:39:00
U021,P0026,view,2024-01-20 15:51:00
U016,P0084,view,2024-01-20 16:48:00
U013,P0033,purchase,2024-01-20 17:20:00
U020,P0065,cart,2024-01-20 19:06:00
U008,P0071,view,2024-01-20 19:57:00
U007,P0057,view,2024-01-20 21:28:00
U003,P0037,cart,2024-01-21 02:28:00
U021,P0051,cart,2024-01-21 03:13:00
U017,P0004,purchase,2024-01-21 03:26:00
U018,P0004,view,2024-01-21 09:43:00
U008,P0079,view,2024-01-21 10:59:00
U005,P0047,view,2024-01-21 11:19:00
U020,P0034,view,2024-01-21 11:38:00
U025,P0066,view,2024-01-21 12:35:00
U009,P0028,view,2024-01-21 12:43:00
U008,P0001,purchase,2024-01-21 13:41:00
U008,P0061,view,2024-01-21 15:32:00
U029,P0097,view,2024-01-21 20:39:00
U023,P0040,purchase,2024-01-21 20:46:00
U030,P0071,view,2024-01-21 22:34:00
U009,P0092,view,2024-01-21 23:29:00
U024,P0068,view,2024-01-22 01:18:00
U017,P0027,view,2024-01-22 03:08:00
U010,P0047,cart,2024-01-22 04:46:00
U023,P0088,cart,2024-01-22 05:35:00
U023,P0088,view,2024-01-22 08:37:00
U012,P0038,view,2024-01-22 10:45:00
U013,P0053,cart,2024-01-22 11:08:00
U019,P0006,purchase,2024-01-22 17:34:00
U029,P0013,view,2024-01-22 18:04:00
U001,P0051,cart,2024-01-22 21:05:00
U006,P0065,cart,2024-01-22 23:28:00
U029,P0011,view,2024-01-23 02:45:00
U013,P0048,cart,2024-01-23 03:00:00
U010,P0028,cart,2024-01-23 03:58:00
U005,P0052,cart,2024-01-23 04:24:00
U014,P0050,view,2024-01-23 05:15:00
U013,P0044,purchase,2024-01-23 07:51:00
U030,P0012,view,2024-01-23 09:04:00
U015,P0009,view,2024-01-23 10:03:00
U025,P0061,view,2024-01-23 14:37:00
U014,P0064,view,2024-01-23 15:02:00
U016,P0072,view,2024-01-23 15:37:00
U002,P0006,view,2024-01-23 17:04:00
U011,P0095,view,2024-01-23 17:10:00
U023,P0097,view,2024-01-23 17:47:00
U020,P0018,view,2024-01-23 18:36:00
U029,P0082,view,2024-01-23 20:03:00
U021,P0008,purchase,2024-01-23 20:31:00
U030,P0063,view,2024-01-23 20:35:00
U010,P0038,cart,2024-01-23 20:43:00
U018,P0013,view,2024-01-23 21:04:00
U018,P0012,cart,2024-01-23 23:52:00
U022,P0069,view,2024-01-24 00:08:00
U023,P0093,view,2024-01-24 00:39:00
U025,P0069,view,2024-01-24 03:57:00
U022,P0010,view,2024-01-24 06:57:00
U021,P0040,view,2024-01-24 15:27:00
U012,P0066,view,2024-01-24 20:42:00
U026,P0066,view,2024-01-25 00:07:00
U023,P0035,view,2024-01-25 06:33:00
U002,P0098,cart,2024-01-25 06:47:00
U025,P0071,view,2024-01-25 07:02:00
U008,P0037,view,2024-01-25 07:17:00
U002,P0015,view,2024-01-25 10:07:00
U006,P0072,cart,2024-01-25 11:43:00
U021,P0036,view,2024-01-25 14:59:00
U021,P0048,cart,2024-01-25 15:47:00
U023,P0095,cart,2024-01-25 16:43:00
U010,P0003,cart,2024-01-25 18:46:00
U018,P0056,view,2024-01-26 06:39:00
U016,P0099,view,2024-01-26 08:23:00
U017,P0017,cart,2024-01-26 11:45:00
U012,P0022,cart,2024-01-26 14:37:00
U011,P0079,purchase,2024-01-26 15:20:00
U025,P0076,cart,2024-01-27 01:11:00
U012,P0091,view,2024-01-27 01:36:00
U004,P0049,cart,2024-01-27 02:53:00
U030,P0072,cart,2024-01-27 04:21:00
U015,P0058,view,2024-01-27 07:44:00
U012,P0021,cart,2024-01-27 08:48:00
U026,P0069,view,2024-01-27 10:12:00
U010,P0016,cart,2024-01-27 12:58:00
U001,P0050,view,2024-01-27 13:24:00
U001,P0001,view,2024-01-27 13:50:00
U014,P0094,view,2024-01-27 16:15:00
U026,P0061,cart,2024-01-27 19:26:00
U023,P0025,view,2024-01-27 20:31:00
U012,P0100,cart,2024-01-27 23:37:00
U023,P0040,purchase,2024-01-28 10:01:00
U002,P0081,view,2024-01-28 11:51:00
U005,P0090,view,2024-01-28 13:28:00
U016,P0045,view,2024-01-28 14:19:00
U020,P0039,purchase,2024-01-28 14:38:00
U002,P0008,view,2024-01-28 14:44:00
U013,P0046,view,2024-01-28 15:04:00
U021,P0061,view,2024-01-28 18:17:00
U029,P0063,cart,2024-01-28 18:30:00
U007,P0037,cart,2024-01-28 19:18:00
U018,P0007,cart,2024-01-29 00:21:00
U009,P0029,cart,2024-01-29 00:48:00
U014,P0094,cart,2024-01-29 04:12:00
U027,P0070,view,2024-01-29 04:55:00
U001,P0031,cart,2024-01-29 06:09:00
U019,P0046,view,2024-01-29 06:42:00
U009,P0039,view,2024-01-29 07:08:00
U022,P0050,cart,2024-01-29 08:05:00
U012,P0022,cart,2024-01-29 09:02:00
U010,P0016,purchase,2024-01-29 09:43:00
U013,P0095,cart,2024-01-29 10:15:00
U007,P0031,view,2024-01-29 11:33:00
U018,P0047,cart,2024-01-29 14:21:00
U001,P0070,cart,2024-01-29 15:14:00
U029,P0061,view,2024-01-29 18:09:00
U016,P0025,view,2024-01-29 21:34:00
U019,P0041,view,2024-01-29 22:47:00
U010,P0003,view,2024-01-29 23:09:00
U029,P0020,cart,2024-01-30 02:02:00
U022,P0069,cart,2024-01-30 02:09:00
U029,P0074,purchase,2024-01-30 02:26:00
U022,P0063,view,2024-01-30 02:28:00
U020,P0029,view,2024-01-30 02:32:00
U010,P0009,cart,2024-01-30 02:45:00
U025,P0080,view,2024-01-30 07:43:00
U021,P0015,cart,2024-01-30 10:26:00
U004,P0027,view,2024-01-30 10:49:00
U030,P0022,cart,2024-01-30 15:23:00
U006,P0068,cart,2024-01-30 17:15:00
U004,P0098,purchase,2024-01-30 19:51:00
U003,P0037,view,2024-01-30 21:53:00
U013,P0045,view,2024-01-31 01:15:00
U014,P0083,purchase,2024-01-31 09:16:00
U004,P0069,view,2024-01-31 11:06:00
U015,P0022,cart,2024-01-31 11:20:00
U026,P0006,view,2024-01-31 11:28:00
U006,P0024,cart,2024-01-31 14:39:00
U028,P0034,cart,2024-01-31 15:11:00
U015,P0061,view,2024-01-31 15:19:00
U013,P0038,view,2024-01-31 15:24:00
U021,P0093,view,2024-01-31 17:27:00
U003,P0025,purchase,2024-01-31 18:24:00
U030,P0017,view,2024-01-31 20:05:00
U007,P0005,view,2024-01-31 20:23:00
U009,P0062,view,2024-02-01 00:16:00
U012,P0085,cart,2024-02-01 04:45:00
U022,P0076,view,2024-02-01 05:45:00
U012,P0094,cart,2024-02-01 09:55:00
U025,P0023,cart,2024-02-01 16:34:00
U025,P0079,view,2024-02-01 17:17:00
U013,P0018,view,2024-02-01 17:38:00
U014,P0060,view,2024-02-01 20:18:00
U011,P0080,view,2024-02-01 22:04:00
U011,P0005,view,2024-02-01 23:40:00
U025,P0033,view,2024-02-02 00:29:00
U023,P0100,cart,2024-02-02 01:23:00
U013,P0022,view,2024-02-02 03:57:00
U028,P0099,cart,2024-02-02 05:49:00
U028,P0055,cart,2024-02-02 06:02:00
U020,P0088,cart,2024-02-02 08:54:00
U005,P0014,cart,2024-02-02 09:20:00
U028,P0015,cart,2024-02-02 09:29:00
U023,P0096,view,2024-02-02 15:40:00
U017,P0025,view,2024-02-02 15:44:00
U004,P0058,cart,2024-02-02 15:51:00
U017,P0087,cart,2024-02-02 20:14:00
U004,P0081,view,2024-02-02 21:48:00
U001,P0023,view,2024-02-03 01:06:00
U021,P0004,view,2024-02-03 02:24:00
U021,P0048,view,2024-02-03 06:14:00
U021,P0017,view,2024-02-03 07:17:00
U015,P0017,view,2024-02-03 07:53:00
U015,P0010,cart,2024-02-03 10:58:00
U020,P0092,view,2024-02-03 11:14:00
U023,P0089,view,2024-02-03 17:23:00
U008,P0022,view,2024-02-03 20:50:00
U013,P0035,view,2024-02-03 22:36:00
U016,P0063,view,2024-02-03 23:53:00
U028,P0058,view,2024-02-04 03:16:00
U028,P0043,cart,2024-02-04 04:44:00
U011,P0065,view,2024-02-04 09:17:00
U010,P0054,view,2024-02-04 12:43:00
U027,P0056,cart,2024-02-04 13:59:00
U002,P0094,purchase,2024-02-04 19:51:00
U024,P0009,view,2024-02-04 21:54:00
U029,P0081,cart,2024-02-05 01:12:00
U004,P0067,purchase,2024-02-05 01:44:00
U004,P0098,view,2024-02-05 04:08:00
U025,P0082,purchase,2024-02-05 04:49:00
U030,P0094,view,2024-02-05 06:01:00
U007,P0046,view,2024-02-05 07:07:00
U024,P0004,purchase,2024-02-05 07:09:00
U028,P0073,view,2024-02-05 08:08:00
U016,P0018,view,2024-02-05 08:41:00
U021,P0049,purchase,2024-02-05 12:14:00
U011,P0005,view,2024-02-05 13:19:00
U028,P0045,view,2024-02-05 13:44:00
U027,P0068,purchase,2024-02-05 14:33:00
U014,P0099,view,2024-02-05 14:56:00
U010,P0005,cart,2024-02-05 17:36:00
U008,P0069,cart,2024-02-05 19:43:00
U020,P0097,view,2024-02-05 21:25:00
U020,P0067,view,2024-02-05 23:16:00
U027,P0046,view,2024-02-06 00:15:00
U001,P0049,view,2024-02-06 07:17:00
U003,P0081,cart,2024-02-06 07:47:00
U023,P0096,view,2024-02-06 10:26:00
U006,P0011,view,2024-02-06 12:26:00
U006,P0057,view,2024-02-06 12:32:00
U025,P0032,view,2024-02-06 19:42:00
U003,P0035,cart,2024-02-06 23:19:00
U009,P0100,cart,2024-02-07 01:00:00
U018,P0004,cart,2024-02-07 06:48:00
U007,P0025,view,2024-02-07 09:54:00
U004,P0049,view,2024-02-07 10:47:00
U027,P0050,view,2024-02-07 12:39:00
U030,P0093,view,2024-02-07 15:57:00
U003,P0064,purchase,2024-02-07 16:45:00
U014,P0001,view,2024-02-07 18:50:00
U019,P0058,view,2024-02-07 20:12:00
U011,P0014,view,2024-02-07 22:04:00
U022,P0061,view,2024-02-07 22:17:00
U011,P0066,purchase,2024-02-07 23:44:00
U022,P0067,view,2024-02-08 00:00:00
U024,P0013,view,2024-02-08 01:46:00
U011,P0069,view,2024-02-08 01:51:00
U026,P0039,view,2024-02-08 05:07:00
U004,P0089,view,2024-02-08 06:24:00
U010,P0067,view,2024-02-08 08:03:00
U005,P0051,view,2024-02-08 08:37:00
U025,P0069,view,2024-02-08 09:29:00
U008,P0035,purchase,2024-02-08 09:45:00
U025,P0053,purchase,2024-02-08 14:47:00
U007,P0070,view,2024-02-08 15:15:00
U002,P0089,purchase,2024-02-08 18:27:00
U016,P0096,view,2024-02-08 23:28:00
U012,P0061,view,2024-02-09 03:11:00
U017,P0085,cart,2024-02-09 04:06:00
U024,P0082,view,2024-02-09 05:22:00
U026,P0094,cart,2024-02-09 10:09:00
U005,P0018,cart,2024-02-09 10:22:00
U014,P0090,view,2024-02-09 14:16:00
U022,P0034,view,2024-02-09 15:23:00
U020,P0096,view,2024-02-09 18:22:00
U024,P0057,view,2024-02-09 19:21:00
U009,P0098,cart,2024-02-09 22:07:00
U024,P0013,cart,2024-02-09 22:45:00
U010,P0012,purchase,2024-02-10 00:13:00
U025,P0077,purchase,2024-02-10 02:35:00
U006,P0048,view,2024-02-10 03:53:00
U008,P0061,purchase,2024-02-10 05:25:00
U010,P0047,view,2024-02-10 06:23:00
U008,P0066,view,2024-02-10 07:29:00
U007,P0033,cart,2024-02-10 09:32:00
U027,P0053,view,2024-02-10 09:36:00
U014,P0011,view,2024-02-10 13:07:00
U020,P0034,cart,2024-02-10 13:23:00
U001,P0043,cart,2024-02-10 13:38:00
U022,P0074,view,2024-02-10 15:19:00
U019,P0071,view,2024-02-10 16:14:00
U028,P0058,view,2024-02-10 16:43:00
U030,P0076,view,2024-02-10 18:08:00
U007,P0074,view,2024-02-10 20:04:00
U021,P0090,view,2024-02-10 22:00:00
U026,P0071,cart,2024-02-10 22:02:00
U027,P0078,view,2024-02-10 22:24:00
U003,P0090,view,2024-02-10 23:30:00
U022,P0080,view,2024-02-11 00:09:00
U003,P0098,view,2024-02-11 01:18:00
U014,P0078,view,2024-02-11 04:05:00
U015,P0007,view,2024-02-11 04:10:00
U029,P0013,cart,2024-02-11 07:49:00
U014,P0051,cart,2024-02-11 10:28:00
U001,P0041,view,2024-02-11 10:48:00
U023,P0041,view,2024-02-11 11:26:00
U011,P0006,view,2024-02-11 12:00:00
U011,P0077,cart,2024-02-11 12:17:00
U027,P0043,cart,2024-02-11 14:31:00
U019,P0006,view,2024-02-11 19:03:00
U023,P0056,cart,2024-02-11 19:15:00
U006,P0074,cart,2024-02-11 19:30:00
U023,P0100,view,2024-02-11 23:04:00
U023,P0032,view,2024-02-11 23:29:00
U028,P0044,view,2024-02-12 01:16:00
U001,P0083,view,2024-02-12 02:52:00
U018,P0052,view,2024-02-12 08:03:00
U007,P0024,cart,2024-02-12 08:07:00
U001,P0083,view,2024-02-12 08:55:00
U009,P0079,view,2024-02-12 09:29:00
U009,P0069,cart,2024-02-12 09:37:00
U010,P0014,view,2024-02-12 09:58:00
U026,P0014,view,2024-02-12 11:04:00
U019,P0058,view,2024-02-12 11:08:00
U016,P0054,cart,2024-02-12 11:16:00
U011,P0087,view,2024-02-12 13:06:00
U027,P0071,view,2024-02-12 13:22:00
U019,P0095,view,2024-02-12 14:45:00
U024,P0100,view,2024-02-12 15:25:00
U030,P0085,cart,2024-02-12 16:02:00
U030,P0088,view,2024-02-12 23:59:00
U021,P0026,cart,2024-02-13 02:35:00
U017,P0087,view,2024-02-13 05:07:00
U005,P0096,view,2024-02-13 07:21:00
U009,P0086,view,2024-02-13 09:36:00
U026,P0036,cart,2024-02-13 12:40:00
U017,P0084,purchase,2024-02-13 15:22:00
U007,P0023,view,2024-02-13 20:11:00
U001,P0052,view,2024-02-13 21:43:00
U006,P0004,view,2024-02-13 22:05:00
U028,P0051,view,2024-02-14 01:41:00
U009,P0035,view,2024-02-14 04:17:00
U024,P0047,view,2024-02-14 06:20:00
U006,P0063,view,2024-02-14 09:41:00
U008,P0041,cart,2024-02-14 12:08:00
U005,P0089,view,2024-02-14 13:07:00
U016,P0037,cart,2024-02-14 13:16:00
U023,P0096,cart,2024-02-14 14:46:00
U011,P0014,view,2024-02-14 15:06:00
U008,P0072,view,2024-02-14 17:59:00
U010,P0032,view,2024-02-14 20:42:00
U008,P0036,view,2024-02-15 01:03:00
U021,P0016,cart,2024-02-15 04:49:00
U016,P0084,view,2024-02-15 07:47:00
U030,P0098,view,2024-02-15 08:32:00
U026,P0090,view,2024-02-15 09:21:00
U019,P0051,view,2024-02-15 09:31:00
U022,P0004,view,2024-02-15 10:55:00
U024,P0003,view,2024-02-15 11:40:00
U017,P0082,view,2024-02-15 14:39:00
U014,P0092,cart,2024-02-15 18:01:00
U007,P0049,view,2024-02-15 19:27:00
U021,P0018,cart,2024-02-15 21:25:00
U008,P0064,cart,2024-02-16 01:25:00
U013,P0032,view,2024-02-16 01:31:00
U002,P0025,view,2024-02-16 05:19:00
U006,P0033,view,2024-02-16 09:11:00
U019,P0010,view,2024-02-16 10:27:00
U021,P0045,cart,2024-02-16 12:17:00
U020,P0034,view,2024-02-16 12:30:00
U001,P0095,cart,2024-02-16 13:04:00
U027,P0076,view,2024-02-16 13:09:00
U004,P0061,view,2024-02-16 16:37:00
U012,P0075,cart,2024-02-16 17:52:00
U017,P0003,cart,2024-02-16 21:20:00
U009,P0002,view,2024-02-16 22:15:00
U010,P0014,view,2024-02-17 01:39:00
U020,P0088,view,2024-02-17 01:44:00
U005,P0048,view,2024-02-17 04:35:00
U024,P0030,view,2024-02-17 04:48:00
U025,P0061,cart,2024-02-17 05:54:00
U006,P0004,view,2024-02-17 07:24:00
U030,P0078,view,2024-02-17 11:28:00
U012,P0089,purchase,2024-02-17 14:31:00
U007,P0064,cart,2024-02-17 16:17:00
U016,P0083,purchase,2024-02-17 17:41:00
U006,P0062,view,2024-02-17 17:59:00
U014,P0060,view,2024-02-17 18:31:00
U018,P0019,view,2024-02-17 22:06:00
U015,P0024,purchase,2024-02-17 22:42:00
U011,P0010,cart,2024-02-18 02:28:00
U019,P0088,cart,2024-02-18 03:24:00
U006,P0080,view,2024-02-18 04:10:00
U008,P0080,cart,2024-02-18 04:52:00
U029,P0095,view,2024-02-18 05:01:00
U020,P0025,view,2024-02-18 07:33:00
U015,P0025,view,2024-02-18 11:11:00
U002,P0074,cart,2024-02-18 12:45:00
U010,P0021,cart,2024-02-18 14:34:00
U009,P0048,purchase,2024-02-18 14:55:00
U016,P0008,cart,2024-02-18 16:19:00
U024,P0050,view,2024-02-18 16:45:00
U010,P0013,view,2024-02-18 18:53:00
U022,P0058,cart,2024-02-18 19:18:00
U014,P0070,cart,2024-02-18 22:22:00
U017,P0028,purchase,2024-02-19 00:02:00
U027,P0051,purchase,2024-02-19 02:21:00
U028,P0078,view,2024-02-19 02:50:00
U026,P0011,view,2024-02-19 05:38:00
U022,P0026,cart,2024-02-19 09:14:00
U006,P0007,view,2024-02-19 09:16:00
U001,P0043,view,2024-02-19 13:34:00
U007,P0032,view,2024-02-19 17:07:00
U028,P0076,view,2024-02-19 21:12:00
U011,P0077,view,2024-02-19 21:57:00
U017,P0030,view,2024-02-19 22:54:00
U004,P0047,view,2024-02-20 00:16:00
U023,P0089,view,2024-02-20 00:46:00
U027,P0034,purchase,2024-02-20 05:44:00
U018,P0013,view,2024-02-20 06:29:00
U009,P0040,cart,2024-02-20 08:52:00
U008,P0029,purchase,2024-02-20 11:50:00
U011,P0015,view,2024-02-20 14:49:00
U013,P0003,purchase,2024-02-20 16:18:00
U015,P0016,view,2024-02-20 18:35:00
U024,P0056,view,2024-02-20 20:36:00
U017,P0022,purchase,2024-02-21 00:14:00
U018,P0056,view,2024-02-21 07:05:00
U003,P0085,view,2024-02-21 08:32:00
U009,P0032,cart,2024-02-21 14:14:00
U014,P0012,view,2024-02-21 14:35:00
U030,P0068,purchase,2024-02-21 15:49:00
U003,P0037,view,2024-02-21 16:52:00
U020,P0032,view,2024-02-21 19:36:00
U030,P0068,view,2024-02-21 19:53:00
U018,P0011,view,2024-02-22 03:16:00
U029,P0015,view,2024-02-22 06:24:00
U022,P0075,cart,2024-02-22 06:54:00
U027,P0070,view,2024-02-22 07:39:00
U025,P0021,purchase,2024-02-22 07:47:00
U003,P0026,view,2024-02-22 10:20:00
U001,P0065,view,2024-02-22 10:25:00
U028,P0020,cart,2024-02-22 12:15:00
U002,P0013,view,2024-02-22 15:35:00
U015,P0027,purchase,2024-02-22 15:56:00
U021,P0001,view,2024-02-22 16:06:00
U026,P0018,view,2024-02-22 16:13:00
U015,P0023,cart,2024-02-22 18:14:00
U030,P0067,view,2024-02-22 18:21:00
U020,P0062,view,2024-02-22 19:09:00
U019,P0093,view,2024-02-22 20:54:00
U008,P0061,view,2024-02-22 22:13:00
U003,P0095,view,2024-02-22 22:31:00
U026,P0043,view,2024-02-22 23:03:00
U016,P0069,view,2024-02-22 23:31:00
U029,P0018,view,2024-02-23 05:44:00
U029,P0095,view,2024-02-23 05:48:00
U001,P0036,cart,2024-02-23 08:53:00
U020,P0016,cart,2024-02-23 10:46:00
U003,P0009,view,2024-02-23 10:59:00
U012,P0081,view,2024-02-23 12:28:00
U010,P0034,view,2024-02-23 13:09:00
U002,P0082,view,2024-02-23 15:06:00
U004,P0044,view,2024-02-23 16:07:00
U015,P0025,cart,2024-02-23 17:43:00
U012,P0030,view,2024-02-23 19:08:00
U016,P0042,view,2024-02-23 19:41:00
U001,P0056,view,2024-02-23 21:24:00
U015,P0025,view,2024-02-24 02:43:00
U007,P0049,view,2024-02-24 05:44:00
U013,P0047,view,2024-02-24 10:50:00
U021,P0017,view,2024-02-24 15:34:00
U025,P0065,cart,2024-02-24 17:04:00
U027,P0052,view,2024-02-24 17:52:00
U027,P0063,view,2024-02-24 19:00:00
U004,P0071,cart,2024-02-24 21:06:00
U002,P0006,view,2024-02-24 21:23:00
U013,P0053,view,2024-02-24 22:08:00
U013,P0033,cart,2024-02-24 22:25:00
U005,P0083,purchase,2024-02-24 23:03:00
U029,P0036,view,2024-02-24 23:55:00
U028,P0050,view,2024-02-25 00:18:00
U008,P0021,cart,2024-02-25 04:56:00
U011,P0063,view,2024-02-25 07:53:00
U027,P0078,view,2024-02-25 18:50:00
U007,P0094,view,2024-02-25 19:52:00
U010,P0011,view,2024-02-25 20:50:00
U003,P0024,purchase,2024-02-25 20:52:00
U027,P0087,view,2024-02-25 22:58:00
U002,P0100,view,2024-02-25 23:37:00
U013,P0015,view,2024-02-26 00:00:00
U004,P0083,view,2024-02-26 01:37:00
U027,P0076,view,2024-02-26 05:19:00
U018,P0060,cart,2024-02-26 07:58:00
U002,P0019,view,2024-02-26 10:11:00
U022,P0066,view,2024-02-26 11:47:00
U007,P0056,cart,2024-02-26 12:21:00
U019,P0059,view,2024-02-26 12:25:00
U021,P0074,view,2024-02-26 12:36:00
U006,P0012,view,2024-02-26 14:33:00
U001,P0082,view,2024-02-26 14:43:00
U012,P0084,view,2024-02-26 15:10:00
U029,P0098,view,2024-02-26 18:37:00
U008,P0026,view,2024-02-26 20:16:00
U026,P0018,view,2024-02-26 21:07:00
U009,P0026,cart,2024-02-27 01:29:00
U025,P0060,cart,2024-02-27 02:46:00
U018,P0042,purchase,2024-02-27 04:08:00
U015,P0019,view,2024-02-27 05:10:00
U010,P0022,view,2024-02-27 11:05:00
U006,P0079,view,2024-02-27 11:59:00
U018,P0087,view,2024-02-27 14:42:00
U011,P0018,cart,2024-02-27 15:14:00
U030,P0083,view,2024-02-27 17:10:00
U030,P0095,cart,2024-02-27 19:23:00
U019,P0017,view,2024-02-27 20:25:00
U029,P0017,view,2024-02-28 01:06:00
U007,P0029,view,2024-02-28 01:18:00
U004,P0053,purchase,2024-02-28 02:42:00
U007,P0088,view,2024-02-28 02:44:00
U029,P0014,purchase,2024-02-28 05:24:00
U028,P0062,view,2024-02-28 09:41:00
U005,P0053,view,2024-02-28 12:26:00
U012,P0075,view,2024-02-28 18:47:00
U030,P0080,view,2024-02-28 18:47:00
U004,P0085,view,2024-02-28 20:01:00
U021,P0016,cart,2024-02-28 21:29:00
U029,P0082,cart,2024-02-28 21:55:00
U002,P0084,view,2024-02-28 22:09:00
U010,P0055,cart,2024-02-29 01:35:00
U003,P0094,purchase,2024-02-29 03:41:00
U001,P0093,view,2024-02-29 04:39:00
U001,P0048,view,2024-02-29 05:03:00
U028,P0048,view,2024-02-29 12:30:00
U003,P0085,cart,2024-02-29 13:03:00
U005,P0053,view,2024-02-29 14:02:00
U004,P0082,view,2024-02-29 22:19:00
U016,P0072,view,2024-03-01 01:11:00
U006,P0071,view,2024-03-01 01:40:00
U016,P0070,cart,2024-03-01 01:55:00
U015,P0019,purchase,2024-03-01 03:19:00
U008,P0027,view,2024-03-01 03:43:00
U003,P0094,view,2024-03-01 07:29:00
U010,P0012,cart,2024-03-01 07:54:00
U013,P0002,view,2024-03-01 11:24:00
U030,P0070,purchase,2024-03-01 11:26:00
U001,P0058,cart,2024-03-01 14:16:00
U025,P0034,view,2024-03-01 14:26:00
U029,P0010,cart,2024-03-01 15:11:00
U018,P0011,view,2024-03-01 15:55:00
U014,P0100,view,2024-03-01 16:22:00
U022,P0029,view,2024-03-01 17:00:00
U029,P0063,cart,2024-03-01 19:02:00
U027,P0080,view,2024-03-01 20:47:00
U030,P0094,cart,2024-03-01 22:34:00
U030,P0044,cart,2024-03-02 01:08:00
U002,P0033,purchase,2024-03-02 03:52:00
U025,P0026,cart,2024-03-02 04:32:00
U022,P0072,purchase,2024-03-02 09:00:00
U020,P0030,cart,2024-03-02 11:02:00
U020,P0035,purchase,2024-03-02 12:22:00
U027,P0071,view,2024-03-02 14:54:00
U026,P0022,purchase,2024-03-02 15:51:00
U007,P0009,view,2024-03-02 16:26:00
U018,P0098,view,2024-03-02 18:36:00
U015,P0035,view,2024-03-02 18:41:00
U020,P0083,view,2024-03-02 19:00:00
U024,P0089,view,2024-03-02 19:46:00
U010,P0060,view,2024-03-02 21:31:00
U029,P0010,view,2024-03-03 01:56:00
U028,P0066,view,2024-03-03 03:09:00
U002,P0009,view,2024-03-03 03:55:00
U017,P0017,view,2024-03-03 03:56:00
U003,P0075,purchase,2024-03-03 04:28:00
U006,P0044,purchase,2024-03-03 06:14:00
U012,P0023,view,2024-03-03 09:08:00
U002,P0089,view,2024-03-03 14:50:00
U015,P0056,cart,2024-03-03 20:20:00
U025,P0057,cart,2024-03-03 22:20:00
U016,P0040,view,2024-03-03 22:43:00
U007,P0018,view,2024-03-04 00:23:00
U018,P0053,view,2024-03-04 00:33:00
U028,P0100,view,2024-03-04 04:41:00
U026,P0067,view,2024-03-04 05:56:00
U017,P0008,cart,2024-03-04 06:38:00
U017,P0011,view,2024-03-04 06:44:00
U012,P0068,cart,2024-03-04 08:20:00
U013,P0090,view,2024-03-04 11:33:00
U018,P0057,view,2024-03-04 14:20:00
U003,P0044,view,2024-03-04 20:28:00
U019,P0067,view,2024-03-05 05:26:00
U001,P0057,view,2024-03-05 13:53:00
U013,P0047,view,2024-03-06 00:02:00
U006,P0035,view,2024-03-06 04:53:00
U016,P0048,cart,2024-03-06 05:04:00
U007,P0032,cart,2024-03-06 07:07:00
U010,P0020,view,2024-03-06 15:29:00
U012,P0077,view,2024-03-06 21:52:00
U028,P0066,view,2024-03-06 22:49:00
U017,P0094,cart,2024-03-06 23:39:00
U026,P0003,view,2024-03-07 03:00:00
U023,P0039,view,2024-03-07 04:56:00
U021,P0013,cart,2024-03-07 09:12:00
U021,P0026,view,2024-03-07 09:45:00
U028,P0076,cart,2024-03-07 10:43:00
U019,P0087,view,2024-03-07 11:32:00
U014,P0099,view,2024-03-07 13:44:00
U029,P0010,view,2024-03-07 14:26:00
U001,P0082,view,2024-03-07 15:40:00
U011,P0017,view,2024-03-07 17:37:00
U015,P0003,view,2024-03-07 18:43:00
U025,P0023,view,2024-03-07 20:03:00
U003,P0089,view,2024-03-07 20:28:00
U026,P0013,cart,2024-03-07 21:08:00
U010,P0055,purchase,2024-03-08 01:14:00
U006,P0095,purchase,2024-03-08 02:41:00
U028,P0002,view,2024-03-08 03:43:00
U024,P0060,purchase,2024-03-08 07:15:00
U008,P0024,cart,2024-03-08 07:40:00
U014,P0047,view,2024-03-08 07:40:00
U004,P0049,purchase,2024-03-08 09:29:00
U002,P0084,view,2024-03-08 11:27:00
U029,P0065,view,2024-03-08 12:30:00
U003,P0048,view,2024-03-08 13:36:00
U003,P0095,view,2024-03-08 14:00:00
U016,P0073,view,2024-03-08 18:01:00
U002,P0098,purchase,2024-03-08 19:18:00
U005,P0084,view,2024-03-08 21:19:00
U025,P0082,view,2024-03-08 22:24:00
U026,P0092,cart,2024-03-09 02:59:00
U009,P0065,view,2024-03-09 04:10:00
U012,P0009,view,2024-03-09 05:23:00
U024,P0002,view,2024-03-09 06:13:00
U019,P0004,view,2024-03-09 07:08:00
U008,P0028,view,2024-03-09 08:59:00
U018,P0091,view,2024-03-09 09:56:00
U008,P0032,view,2024-03-09 10:34:00
U028,P0071,view,2024-03-09 11:21:00
U003,P0042,cart,2024-03-09 12:20:00
U020,P0100,view,2024-03-09 16:48:00
U011,P0062,view,2024-03-09 16:59:00
U023,P0082,cart,2024-03-09 19:28:00
U001,P0048,view,2024-03-09 21:46:00
U019,P0094,view,2024-03-09 22:56:00
U003,P0097,cart,2024-03-10 01:39:00
U012,P0098,cart,2024-03-10 06:27:00
U014,P0100,view,2024-03-10 07:09:00
U002,P0026,view,2024-03-10 07:41:00
U015,P0053,cart,2024-03-10 08:42:00
U004,P0053,view,2024-03-10 11:33:00
U014,P0047,view,2024-03-10 11:40:00
U003,P0043,view,2024-03-10 12:29:00
U020,P0011,view,2024-03-10 13:16:00
U009,P0040,view,2024-03-10 13:34:00
U004,P0088,cart,2024-03-10 13:37:00
U026,P0040,cart,2024-03-10 14:03:00
U020,P0037,view,2024-03-10 15:41:00
U029,P0096,cart,2024-03-10 16:14:00
U006,P0009,purchase,2024-03-10 16:50:00
U024,P0054,view,2024-03-10 18:09:00
U027,P0045,cart,2024-03-10 18:19:00
U010,P0012,purchase,2024-03-10 20:03:00
U023,P0089,view,2024-03-10 22:31:00
U018,P0044,cart,2024-03-10 23:38:00
U011,P0024,cart,2024-03-11 00:46:00
U027,P0038,view,2024-03-11 01:00:00
U003,P0046,cart,2024-03-11 01:29:00
U015,P0021,cart,2024-03-11 02:21:00
U007,P0044,view,2024-03-11 04:39:00
U023,P0099,purchase,2024-03-11 05:04:00
U008,P0076,view,2024-03-11 09:04:00
U026,P0014,view,2024-03-11 10:17:00
U024,P0057,cart,2024-03-11 12:16:00
U022,P0075,purchase,2024-03-11 14:08:00
U023,P0089,cart,2024-03-11 16:35:00
U021,P0051,view,2024-03-11 19:44:00
U007,P0054,view,2024-03-11 20:37:00
U023,P0034,view,2024-03-11 23:16:00
U016,P0011,cart,2024-03-12 05:18:00
U025,P0079,view,2024-03-12 05:29:00
U016,P0009,cart,2024-03-12 05:43:00
U011,P0065,cart,2024-03-12 07:36:00
U004,P0080,cart,2024-03-12 10:58:00
U015,P0009,view,2024-03-12 12:35:00
U020,P0053,view,2024-03-12 15:11:00
U012,P0033,cart,2024-03-12 16:41:00
U022,P0034,view,2024-03-12 17:59:00
U001,P0086,view,2024-03-12 19:20:00
U024,P0053,purchase,2024-03-12 22:01:00
U030,P0084,view,2024-03-12 22:02:00
U029,P0009,view,2024-03-13 01:17:00
U007,P0044,cart,2024-03-13 01:52:00
U009,P0064,view,2024-03-13 03:03:00
U015,P0079,view,2024-03-13 03:59:00
U014,P0046,purchase,2024-03-13 04:36:00
U030,P0057,view,2024-03-13 04:57:00
U011,P0051,view,2024-03-13 06:37:00
U027,P0060,cart,2024-03-13 08:03:00
U001,P0098,view,2024-03-13 09:25:00
U008,P0069,view,2024-03-13 09:30:00
U017,P0044,view,2024-03-13 14:09:00
U010,P0056,cart,2024-03-13 15:17:00
U014,P0091,view,2024-03-13 16:20:00
U001,P0099,view,2024-03-13 21:01:00
U025,P0031,purchase,2024-03-13 21:55:00
U030,P0097,cart,2024-03-13 23:58:00
U020,P0093,view,2024-03-14 04:03:00
U017,P0089,cart,2024-03-14 05:31:00
U001,P0015,view,2024-03-14 06:16:00
U026,P0066,cart,2024-03-14 07:10:00
U005,P0008,cart,2024-03-14 07:51:00
U021,P0032,cart,2024-03-14 08:31:00
U009,P0030,cart,2024-03-14 10:36:00
U004,P0014,view,2024-03-14 11:36:00
U023,P0027,cart,2024-03-14 11:43:00
U005,P0041,view,2024-03-14 12:45:00
U015,P0001,purchase,2024-03-14 12:54:00
U014,P0050,view,2024-03-14 13:52:00
U024,P0058,cart,2024-03-14 16:05:00
U022,P0079,view,2024-03-14 20:41:00
U021,P0037,view,2024-03-14 21:14:00
U017,P0087,view,2024-03-14 23:36:00
U026,P0040,view,2024-03-14 23:40:00
U029,P0011,view,2024-03-15 01:08:00
U019,P0060,view,2024-03-15 01:44:00
U016,P0093,view,2024-03-15 03:00:00
U003,P0084,view,2024-03-15 04:14:00
U023,P0037,view,2024-03-15 07:14:00
U021,P0054,view,2024-03-15 11:22:00
U018,P0071,purchase,2024-03-15 15:59:00
U030,P0068,view,2024-03-15 22:13:00
U010,P0036,purchase,2024-03-15 23:26:00
U007,P0081,view,2024-03-15 23:48:00
U013,P0050,view,2024-03-16 02:00:00
U029,P0028,cart,2024-03-16 05:21:00
U020,P0091,view,2024-03-16 05:41:00
U020,P0098,view,2024-03-16 06:58:00
U004,P0091,cart,2024-03-16 10:01:00
U008,P0095,cart,2024-03-16 10:32:00
U003,P0023,view,2024-03-16 10:55:00
U005,P0007,view,2024-03-16 12:33:00
U022,P0090,view,2024-03-16 19:29:00
U020,P0047,view,2024-03-16 23:54:00
U016,P0009,view,2024-03-17 00:14:00
U026,P0003,cart,2024-03-17 02:21:00
U005,P0100,purchase,2024-03-17 02:56:00
U002,P0020,cart,2024-03-17 03:50:00
U014,P0012,view,2024-03-17 07:01:00
U016,P0004,cart,2024-03-17 12:42:00
U011,P0079,cart,2024-03-17 12:49:00
U021,P0010,view,2024-03-17 13:05:00
U002,P0087,view,2024-03-17 15:18:00
U017,P0059,cart,2024-03-17 16:21:00
U003,P0045,view,2024-03-17 16:47:00
U024,P0041,view,2024-03-17 17:05:00
U020,P0082,purchase,2024-03-17 18:04:00
U026,P0028,view,2024-03-17 18:40:00
U029,P0014,view,2024-03-17 19:14:00
U009,P0079,view,2024-03-17 21:45:00
U028,P0046,view,2024-03-17 21:57:00
U021,P0015,view,2024-03-18 01:46:00
U008,P0070,view,2024-03-18 04:20:00
U006,P0085,purchase,2024-03-18 04:21:00
U005,P0017,view,2024-03-18 04:48:00
U006,P0011,cart,2024-03-18 04:55:00
U026,P0091,view,2024-03-18 10:16:00
U018,P0045,cart,2024-03-18 10:32:00
U015,P0073,view,2024-03-18 10:58:00
U009,P0070,cart,2024-03-18 11:26:00
U005,P0083,view,2024-03-18 14:26:00
U013,P0039,view,2024-03-18 16:12:00
U006,P0071,purchase,2024-03-18 16:27:00
U020,P0091,cart,2024-03-18 17:52:00
U002,P0084,view,2024-03-18 23:45:00
U018,P0056,cart,2024-03-19 01:00:00
U011,P0063,view,2024-03-19 01:36:00
U004,P0073,view,2024-03-19 01:46:00
U001,P0016,purchase,2024-03-19 02:29:00
U019,P0011,view,2024-03-19 08:12:00
U015,P0036,cart,2024-03-19 11:14:00
U012,P0041,view,2024-03-19 12:37:00
U017,P0100,view,2024-03-19 13:40:00
U027,P0046,view,2024-03-19 16:25:00
U030,P0078,cart,2024-03-19 17:36:00
U012,P0092,view,2024-03-19 18:05:00
U013,P0028,view,2024-03-19 19:03:00
U019,P0016,purchase,2024-03-19 19:15:00
U025,P0029,view,2024-03-19 19:17:00
U013,P0034,view,2024-03-19 20:10:00
U020,P0036,cart,2024-03-19 21:10:00
U019,P0052,view,2024-03-19 21:19:00
U022,P0036,view,2024-03-19 22:43:00
U025,P0093,view,2024-03-19 23:36:00
U008,P0038,view,2024-03-19 23:37:00
U019,P0016,view,2024-03-20 02:57:00
U002,P0026,cart,2024-03-20 04:15:00
U012,P0063,cart,2024-03-20 05:52:00
U002,P0087,view,2024-03-20 07:49:00
U011,P0066,view,2024-03-20 12:51:00
U010,P0010,view,2024-03-20 16:16:00
U019,P0044,view,2024-03-20 16:30:00
U005,P0056,purchase,2024-03-20 19:43:00
U017,P0083,view,2024-03-20 19:44:00
U023,P0100,view,2024-03-21 01:03:00
U022,P0037,view,2024-03-21 03:28:00
U019,P0005,view,2024-03-21 06:55:00
U002,P0098,cart,2024-03-21 07:06:00
U029,P0079,purchase,2024-03-21 09:22:00
U005,P0060,view,2024-03-21 10:09:00
U029,P0070,cart,2024-03-21 11:17:00
U012,P0096,cart,2024-03-21 13:10:00
U026,P0009,view,2024-03-21 14:57:00
U005,P0010,view,2024-03-21 15:29:00
U006,P0077,view,2024-03-21 16:36:00
U002,P0017,cart,2024-03-21 18:42:00
U003,P0063,view,2024-03-21 19:51:00
U006,P0087,view,2024-03-21 20:21:00
U002,P0092,view,2024-03-21 21:03:00
U024,P0084,view,2024-03-21 21:14:00
U028,P0065,cart,2024-03-21 22:22:00
U007,P0057,view,2024-03-22 00:31:00
U027,P0049,cart,2024-03-22 00:48:00
U021,P0004,view,2024-03-22 00:51:00
U030,P0084,view,2024-03-22 00:55:00
U023,P0011,view,2024-03-22 01:23:00
U019,P0070,view,2024-03-22 04:19:00
U011,P0010,view,2024-03-22 04:47:00
U026,P0022,view,2024-03-22 06:00:00
U022,P0030,cart,2024-03-22 10:26:00
U028,P0013,purchase,2024-03-22 11:54:00
U007,P0024,view,2024-03-22 12:23:00
U009,P0033,view,2024-03-22 12:52:00
U022,P0029,view,2024-03-22 14:39:00
U007,P0011,view,2024-03-22 17:17:00
U012,P0068,view,2024-03-22 17:44:00
U004,P0049,view,2024-03-22 18:35:00
U024,P0059,purchase,2024-03-22 20:24:00
U022,P0077,view,2024-03-22 20:34:00
U028,P0066,view,2024-03-23 02:23:00
U014,P0048,cart,2024-03-23 02:37:00
U005,P0094,view,2024-03-23 02:39:00
U011,P0003,cart,2024-03-23 03:43:00
U028,P0068,view,2024-03-23 03:58:00
U005,P0090,view,2024-03-23 04:15:00
U016,P0014,cart,2024-03-23 07:43:00
U016,P0092,purchase,2024-03-23 08:27:00
U019,P0099,purchase,2024-03-23 11:00:00
U004,P0048,view,2024-03-23 11:03:00
U029,P0100,view,2024-03-23 11:18:00
U023,P0027,view,2024-03-23 12:42:00
U001,P0090,view,2024-03-23 16:25:00
U018,P0056,cart,2024-03-23 17:24:00
U007,P0011,view,2024-03-23 18:16:00
U028,P0065,cart,2024-03-23 18:51:00
U010,P0063,purchase,2024-03-23 23:31:00
U009,P0032,cart,2024-03-23 23:41:00
U021,P0003,view,2024-03-24 00:10:00
U010,P0011,cart,2024-03-24 01:05:00
U027,P0047,view,2024-03-24 02:50:00
U004,P0020,cart,2024-03-24 03:53:00
U017,P0003,view,2024-03-24 10:00:00
U020,P0006,view,2024-03-24 10:06:00
U020,P0097,view,2024-03-24 12:23:00
U016,P0009,cart,2024-03-24 15:18:00
U011,P0057,view,2024-03-24 19:08:00
U018,P0053,view,2024-03-24 21:29:00
U008,P0079,cart,2024-03-24 21:30:00
U013,P0041,cart,2024-03-24 21:41:00
U004,P0092,view,2024-03-25 00:08:00
U027,P0042,view,2024-03-25 01:05:00
U023,P0028,view,2024-03-25 02:02:00
U001,P0043,view,2024-03-25 03:46:00
U027,P0068,view,2024-03-25 05:30:00
U015,P0061,view,2024-03-25 08:05:00
U019,P0081,view,2024-03-25 09:31:00
U018,P0060,view,2024-03-25 11:45:00
U005,P0096,view,2024-03-25 12:04:00
U004,P0085,view,2024-03-25 12:17:00
U028,P0078,cart,2024-03-25 14:23:00
U008,P0076,view,2024-03-25 15:33:00
U021,P0059,view,2024-03-25 15:39:00
U020,P0099,view,2024-03-25 16:16:00
U007,P0058,view,2024-03-25 19:46:00
U003,P0049,view,2024-03-25 20:09:00
U018,P0016,view,2024-03-25 21:41:00
U005,P0002,view,2024-03-25 22:17:00
U026,P0003,view,2024-03-25 23:19:00
U003,P0037,view,2024-03-26 00:57:00
U010,P0054,cart,2024-03-26 01:48:00
U006,P0027,view,2024-03-26 02:33:00
U027,P0056,view,2024-03-26 02:47:00
U009,P0061,view,2024-03-26 03:11:00
U005,P0056,view,2024-03-26 03:26:00
U023,P0084,cart,2024-03-26 06:07:00
U009,P0061,cart,2024-03-26 06:48:00
U005,P0041,view,2024-03-26 08:23:00
U005,P0015,view,2024-03-26 11:04:00
U016,P0071,purchase,2024-03-26 11:32:00
U002,P0090,view,2024-03-26 12:21:00
U012,P0070,view,2024-03-26 15:33:00
U013,P0017,view,2024-03-26 20:10:00
U015,P0006,cart,2024-03-26 20:46:00
U030,P0081,view,2024-03-26 22:33:00
U018,P0088,view,2024-03-27 04:45:00
U003,P0076,purchase,2024-03-27 08:36:00
U004,P0070,view,2024-03-27 08:37:00
U026,P0039,view,2024-03-27 10:35:00
U029,P0013,view,2024-03-27 12:20:00
U012,P0036,cart,2024-03-27 12:31:00
U004,P0055,cart,2024-03-27 12:54:00
U017,P0062,cart,2024-03-27 14:11:00
U022,P0039,view,2024-03-27 16:31:00
U028,P0066,view,2024-03-27 23:15:00
U021,P0023,view,2024-03-28 05:29:00
U013,P0054,view,2024-03-28 05:48:00
U009,P0074,view,2024-03-28 06:45:00
U014,P0012,view,2024-03-28 09:52:00
U010,P0036,cart,2024-03-28 10:16:00
U007,P0049,purchase,2024-03-28 10:42:00
U014,P0064,view,2024-03-28 13:11:00
U024,P0090,view,2024-03-28 18:05:00
U005,P0098,view,2024-03-28 18:41:00
U011,P0065,view,2024-03-28 18:42:00
U027,P0009,view,2024-03-28 19:49:00
U009,P0049,view,2024-03-28 21:55:00
U028,P0075,view,2024-03-28 22:24:00
U016,P0010,view,2024-03-28 22:25:00
U013,P0039,view,2024-03-29 00:54:00
U027,P0015,view,2024-03-29 02:09:00
U024,P0037,view,2024-03-29 03:19:00
U012,P0068,view,2024-03-29 04:56:00
U016,P0097,cart,2024-03-29 07:03:00
U018,P0054,purchase,2024-03-29 07:17:00
U002,P0019,view,2024-03-29 07:19:00
U015,P0012,view,2024-03-29 09:08:00
U005,P0080,view,2024-03-29 11:05:00
U003,P0034,view,2024-03-29 12:41:00
U029,P0097,view,2024-03-29 15:44:00
U026,P0006,view,2024-03-29 19:59:00
U018,P0012,view,2024-03-29 20:20:00
U030,P0072,cart,2024-03-29 21:50:00
U024,P0023,view,2024-03-29 22:36:00
U030,P0096,cart,2024-03-29 23:26:00
U008,P0023,view,2024-03-30 03:12:00
U024,P0053,view,2024-03-30 04:48:00
U013,P0041,view,2024-03-30 07:27:00
U021,P0039,view,2024-03-30 07:39:00
U021,P0067,view,2024-03-30 08:15:00
U002,P0018,cart,2024-03-30 08:35:00
U001,P0081,view,2024-03-30 12:31:00
U002,P0019,cart,2024-03-30 14:04:00
U002,P0071,view,2024-03-30 14:17:00
U007,P0088,view,2024-03-30 15:40:00
U001,P0012,cart,2024-03-30 16:29:00
U025,P0032,cart,2024-03-30 17:08:00
U018,P0053,view,2024-03-30 17:55:00
U027,P0067,cart,2024-03-30 19:59:00
U015,P0004,view,2024-03-30 21:06:00
U022,P0085,view,2024-03-30 23:05:00
